Country Name,Total No. of Patients,Cardiovascular,Cancer,Endocrinology and metabolic diseases,Neurological diseases,Mental health and behavioral disorders,Infectious diseases,Dermatology,Gastroenterology,Hematology and coagulation,Renal disease,Rheumatology,Urologic
Mexico,25581.75642783458,2228.1465055563554,1025.6214104155777,1316.4100972826268,3101.008773454674,2110.747951244215,2950.057346937603,1280.1453448792333,2613.5746168808705,5296.49578761862,2375.7919838368857,3839.849656076968,1088.1198860548336
Bangladesh,36850.6615332188,3262.3985315681193,2018.3798944238465,2391.0987442357755,1806.588228796055,3351.170908286672,3821.232126020071,1682.0576237791759,2783.341272352186,2168.4790465595433,2245.241634808078,1736.7076204147618,2226.367634323572
Japan,45307.96394531426,3798.3944582746653,3609.5576583039824,4286.52590812494,1760.7277967197472,1905.0252425993747,897.4386170866185,3415.6857410111193,3972.4098757658417,4662.3847583566,3387.2089031004134,2532.711657627818,701.2326172522987
South Africa,42236.257227141716,3757.9954136602973,4019.4253313906984,4689.518753055511,2964.702208886382,2157.6328886917217,2240.8627308666073,2338.054746286861,5412.536568763897,1841.6749457970784,1207.014860247696,2514.698898065528,3876.7993194859946
Germany,24485.301635961012,730.3284491267901,968.5170952239162,1615.9490137075559,1637.9093266670188,1936.7227572856966,3273.604136800594,1687.2499678215377,3187.828135775838,1492.4133717885607,3104.4649262119174,3705.3359994733146,1995.2051624325866
Israel,44532.839626125126,3337.8458404592093,4319.14073358239,5100.795751415964,2838.7536050240697,2786.4072365101706,3612.7287073582,2212.521967981058,4024.3411744802547,1527.0502027231441,4840.347163996393,1659.538302366343,3373.8188657283213
Italy,35435.53480596935,4411.868185518837,4641.85576177227,1906.7768787179796,3251.6050377755287,3365.5488170114036,1977.8657417289364,3577.3433835531728,3673.382938483983,4927.444739077811,1721.768213077399,2747.4606557444345,4689.897721463889
France,34762.03432817905,4876.84172201611,1685.0479509142444,3738.358799318235,3204.263668273156,2537.9819726140036,2576.7574695875733,2490.5719160321655,4012.7236259967403,3324.89572473568,2439.8030805759995,3094.799274010841,3374.184688101353
United States,39704.770991866666,5551.52339191876,699.5627816129224,3798.536969095025,2868.8352764939677,3135.5187218712763,1742.6290594745692,3934.100829868839,3988.940162812172,1907.8299693094136,3292.6389723925886,5177.720849002647,3103.3324113889157
Italy,28073.875855003967,3151.287164154531,1588.757169806849,2126.823909064845,1558.0870074068412,1674.2189718494276,1607.144531969788,4270.655740846885,2889.0527828978584,2696.857140459421,4797.445319072858,1738.5200204044677,3807.1519562214526
Israel,30562.350833262175,1654.7006684444868,3807.2647316276984,3542.9253791919327,861.0685700777967,4742.810719209362,3996.680853987478,3747.988864810483,3485.9086420389563,4535.710280237793,2646.589025051238,430.8087507059909,3034.6150105943557
Bangladesh,34848.869679230476,3665.0488088958205,2997.6668446489557,3443.735494885802,2670.203932857762,1926.0552242394415,2519.087499154104,1164.073215200649,2729.0646458237834,3210.9866992826737,1634.295157699186,3456.786739074509,3110.2188904628333
United Arab Emirates,31595.882451241192,2708.9061191472515,3202.31248625145,1563.0221194542485,2599.023022335882,3152.1542078821185,1804.7337919520412,3511.5135879108893,4087.463017305228,3077.650923218895,3192.676268764762,3847.2198954406063,1716.858407640082
Argentina,27329.369021369137,444.57844536374637,1982.6781614140898,903.5788549462053,2375.7105477510595,2047.3353748096144,2155.8984012352216,2537.1030621294844,2590.046253337185,3035.0802215140347,3692.1296121219757,3288.446261513725,1664.9036693074636
Russia,34888.00657845221,5232.973681643595,3198.3641165105923,1940.6942370441072,986.7053355047607,2659.2566329189494,4815.6365108081045,3338.0005004045474,2154.1395945826716,2328.0537060982447,1236.2522566790772,3981.52237906819,1844.6783995215126
Germany,31611.850721708397,3650.05253357538,4098.292717327812,4362.3843432354115,2376.9908168347815,2900.5577547057405,1209.6109103851013,2127.187663524089,3808.122715396711,2027.9705535860112,4131.7598649070615,2431.616988769496,3798.8475894169915
Italy,42393.76384312519,2937.224656295128,4461.146115771119,4838.932504764497,3088.327793490453,2830.5035130185797,2601.480899513738,3740.451825071779,4171.3151914726595,4025.338509063858,1584.2176946567408,3420.9886342309433,1939.0020110539613
Brazil,31313.948471286614,1138.6756015813062,1954.917649726846,3564.9060647468077,3239.742359643817,2618.7442969737194,2163.4529387897123,4098.495902453147,4654.529850286916,1402.7411607529095,1513.4275051235481,1101.0753779274444,2119.3388389691754
Israel,24202.929734322755,4738.249637595598,2929.5685037332664,3503.373260752711,660.1167791336678,3370.2402545312634,4894.981679693309,3247.94458515703,823.2722963344266,4199.985162220626,2653.9499771694545,2300.354618143243,2570.642428565815
Japan,39235.31424444466,1903.7482216794622,1703.8220512459077,1981.956080839878,692.6741284648705,4254.219600520798,1563.6494062355582,5727.153896332811,3151.5865794333104,3099.6043323044537,4172.708591383019,1067.501323532223,1788.8093806325714
France,40994.02506663527,3100.9871185129064,919.8638597375987,4130.40631019539,3887.744314822558,1457.6986326592382,2954.909489159093,3615.5034789329156,3436.8986609711733,1784.977653704347,4505.968574235808,3146.5847108451467,5123.29471482593
Germany,31320.59224287026,1200.335390203476,4195.309276812018,3288.5233685834396,2751.9087229899164,2510.726945308938,2333.956568707165,2047.1187577880107,5749.713502234468,1584.1798061581735,3628.0566703211966,5321.104706907056,4408.052338765384
Argentina,32919.902511272274,1301.090146951086,1639.5200015559958,3263.730019043505,3271.6329695044533,4421.284602524178,2546.204811027586,2090.0159182440175,2596.915607005907,2927.0645030707656,2178.807882454313,3648.3706487080112,2294.7105921574575
Japan,30945.42767553146,2172.3336612624253,1568.834690249999,929.440534908151,879.1671174365831,3645.193652814828,2100.1052358829766,5533.284199532365,4049.3111904980956,2465.4368811324016,4427.155043695076,-248.01038204628478,3072.7828613179095
Russia,40601.49440632752,1897.3768520819312,3091.0683029914417,3941.773010406639,1359.6973849374624,4701.546448846371,3730.4875088923145,4378.870196083582,1776.3890410029358,3293.477692121698,2505.2027785311043,2788.874047726269,3176.8235399547266
France,30955.976003871965,2548.723807514019,2668.082334058562,3261.506010868688,3369.2475632199057,2945.7529368211376,2545.469479236918,3113.8572717622496,3833.736264433825,4832.233398013006,2509.1263914015462,4073.7295609796943,1962.360941480165
United Arab Emirates,32970.82501454449,1587.5996625683508,4780.8264818197895,2637.6810805736554,4030.0020070143482,2016.73702865099,1634.8431377834702,4816.392777852401,4207.9384548149,3530.1914527198455,3230.5347299092255,4485.41920041533,1741.6739596533423
Russia,36410.64120538742,1236.0381776633394,1343.618396571341,3001.0464032151112,3361.7397169893707,4610.015356570499,1986.5390945233812,2864.398287987674,3585.019135734935,1767.1553329191233,2021.8325642973498,3765.9011580547635,2400.4257554927017
India,33800.331418306945,829.4447461026565,1403.7261392875362,2788.095661057317,1552.4655953815616,1971.2580942056643,2748.7593400259643,2815.0373505838897,3032.600297793668,2887.565798167867,2356.0933711815474,1167.9241569468963,843.8831935675652
Germany,37988.303741164185,1896.8576469492898,2367.1232318813754,2086.902782421195,2519.2404418162832,1628.6998277473494,2195.039403161079,1224.4154015961974,4908.064049700765,2871.8060813565235,4698.985118922567,2666.7134070256684,1033.4385416795205
Canada,42295.83103492403,2728.241163282094,3745.2415551611743,3973.657748406807,1531.821182621083,2742.2217562638953,2417.359527833564,1910.9629666380852,4068.6314964818466,3451.8482648263216,3492.230766385293,3256.3192677763154,3274.3924118872987
Italy,41065.552666846255,4020.0539079315486,5426.218920579894,4731.992548674966,2782.879544388259,4749.0848244674635,1808.447325840726,2285.563094952047,1613.2207196057202,3897.5069093399898,3553.815196704031,3599.8776412899124,4621.764044973077
United Arab Emirates,38603.106401493125,965.7445430215895,3818.0117668789203,3244.517828500684,3144.7776336926668,2316.8459413040327,1499.723810372876,5314.480885596784,2080.5379211729914,5028.258050174055,1991.4107431700538,4111.4884702867685,3893.7621824144544
Bangladesh,43601.23090009067,4742.571846942581,4951.860736720965,4414.209220081962,3546.1168481656614,3271.7194229031356,2622.345051759155,4372.594993350716,3404.126943628411,2831.0441999520463,4056.3677749061535,2757.5143836240663,2727.7703658141822
United Kingdom,36162.95968139208,2582.430932143733,3251.7453909752935,4712.529475276739,1870.2598806228812,2170.2391863520434,3064.5583176444343,2725.201460318823,3269.6480235235367,1586.923472063093,4370.331257063445,4290.258062340853,1759.9689142002665
Japan,27129.570339214435,3482.5564195647007,1975.3271045451309,2083.1611593457437,1661.7909675618225,3343.2016907697516,2495.54730508234,3595.8139851314572,3520.246039274861,2396.3647614810698,3117.656806770128,3434.388647117797,2685.3672424859665
Saudi Arabia,44484.75406181381,5436.761984097318,1267.1214860853572,2655.6629966661694,1818.540573829584,4412.374657097593,1643.604129260364,3824.877695861901,4901.544993013883,2881.3353841538687,2770.3378133532165,4026.8757369730447,3913.151099746208
United States,41058.0739049919,2867.633936746408,2883.7291701593376,4488.722200322442,2325.3622169669284,4531.488757948048,2882.450608846764,4553.816448014713,4025.639777617263,1285.1196650605561,1756.428831340701,1843.8837396756746,3052.6099346961832
Australia,42858.803753592576,3275.728659621058,3080.3659595826475,4194.350512321017,1488.8968777849725,1661.3064606374753,4439.309877677258,2867.2940414807363,3570.330836638365,1675.9648756671618,5008.306335637336,2794.10887059234,5481.416471645308
Australia,38608.340594288224,3334.9554137523696,4647.041855693189,2773.578508795323,2348.3679049898406,2361.578251966837,1979.6449199985368,2128.7464166879,3816.1185404824996,4259.075240475304,4079.2865446974365,3454.648756738854,2386.84636117916
Italy,40286.70571943865,955.7080662094443,2789.275790694658,4118.183878935187,3675.895999586613,4450.784056840771,1623.9750071442093,1777.093211279507,2624.237685987693,2029.0306461406767,3903.4028302132847,3515.8518997070782,4053.2796139328825
Japan,23069.366223132598,4383.025610017515,2274.7082327579687,1554.6196509109545,700.4103301531995,4716.092478897054,2734.128656318848,2245.24169669333,3422.1946880749897,3115.443941519778,4100.323634481234,5214.473445614754,1070.5533455423533
United Arab Emirates,33581.49504615246,1243.50084414906,1545.6066974200141,1686.2282050057074,2489.705471414377,3759.705629337208,1636.3713740855383,3135.2388288330994,4842.613082139946,3036.190308416942,2278.5311523880428,4893.085461682752,3315.6977586394264
Canada,33458.822307987786,3041.9326079196812,877.1259971903767,4476.356779733985,1105.7007911429532,1467.9573762432224,3402.548640884857,1226.5495244287179,2752.4097435560266,3423.425217587814,3848.8903996599643,3386.7985266123897,1563.1689266158626
Japan,38645.343507023514,4388.050200811882,3091.586154806471,3917.205211233114,3551.246525777025,1399.6048639537005,2500.8207695325386,4671.89596612057,2946.034483039177,3569.679365699154,4488.668395234992,3291.8266856719215,1486.5759547866012
Japan,31387.68684123227,3911.33915763026,3596.915786998424,1675.4302167368676,1547.8611578101222,2383.492114020081,2153.515890927666,2991.3606001920716,3177.075826310792,2654.9889596177973,2754.87908957017,-75.58635066192963,2480.6954823534147
India,31036.96535761501,1471.8027972877514,3128.9627430473834,3365.1914008922813,2636.1394645597857,3956.46062619023,808.4238681548554,3694.4159206455242,3178.0582998770437,3881.8026736334587,1406.4815426496186,2315.440161580052,1897.9168668177274
Mexico,32702.75213759997,733.7406040209105,1834.6419386770076,1424.9948532866033,2543.113678195838,2318.8197003675564,2250.7737944150467,4414.516209935306,4253.04895625264,4504.002437688925,1626.99074323935,4210.524562746038,1368.8895884253425
Australia,39817.70070733733,1419.629293715254,4280.094428080137,2640.071764846778,2609.451888672887,2114.910600621062,5962.004849188662,2862.8346599360707,3341.746009003006,2072.756467665413,3268.5370815501124,5407.507296847079,2996.06773532822
United Arab Emirates,36697.80776164766,1416.7128926246653,2444.3517305772025,3756.003908288889,2487.2423862715727,1710.9726547913922,1933.7317119731529,3631.121097444235,4436.857055598379,2163.805907083835,3155.237380887204,5112.174831508144,1649.2564026619516
Saudi Arabia,41280.09725954706,1742.4688817094914,3798.603807203262,4095.135184524317,1630.2229336777557,3950.109212798977,1791.7588770763352,3195.7058309645904,820.3099782270332,2998.9989283658374,2852.510925760844,1300.848758512683,2924.6474348085794
Argentina,35602.58205282171,2779.2817901678,3928.308675398999,3840.921146630785,2991.107143859317,1987.117239479221,1772.0178785732705,725.5888415450764,1969.1449359574628,3326.073656745317,2309.7754221285018,2999.5338381725815,3996.337736921262
United States,39840.02001784661,1972.4997414468219,1324.23661524156,951.4244168187653,2593.643963924229,1939.624928913676,1738.7366055602001,5052.437985724541,1871.9880383831069,2676.2496627110963,3389.4827927900023,4983.354562552967,4462.238965446126
Italy,41656.051555452344,1151.5611892550933,3957.2395855602576,2559.249263269859,3086.3176245824393,3709.000281874888,1901.1644378347635,4018.098225239556,5590.080580189482,1248.688126856924,2064.6030472996886,5368.21356621666,4794.708594346382
Saudi Arabia,35082.01280836303,3889.6732204409373,3784.4343486922253,4063.6094063006076,1364.9699111993073,5524.042278459864,4490.49026599353,2111.184047517944,3404.0070680869226,4798.46625466848,5002.093657676306,2538.7072559882963,603.8631832553832
Saudi Arabia,31152.459119239,3203.660190998214,1286.5910553136202,1890.143151675988,1109.611167542081,3998.7357065810425,3630.609992599553,2455.8874236034003,858.597281472179,3837.7010362209344,3005.0998038139974,1026.2453839795528,1772.65611566176
France,30459.043344638532,4728.8893011950895,523.9508485441105,2063.6292200607763,2163.6412415489426,3803.2312749686776,2705.4044052317195,1624.8050039350094,4909.82482278751,765.9541589145509,3463.7942275544133,3520.0448932772865,1577.869831482448
Italy,32296.662069992435,1943.7485278532727,2069.7443201180895,2114.5046173194028,4031.1156755566676,1038.2910323002768,2433.0494952560425,487.83051367822117,2588.0530594497154,2633.8358465813176,3512.081063821598,2346.175048609425,1601.1156412864893
India,32415.08432266086,3016.251289854225,2862.9910640789362,2824.536685374382,2178.633154010345,2301.878528394396,939.3725544489005,3940.4864786688627,3180.635354496043,3706.6192693216585,3204.507185112165,2987.383640516667,884.1311347769058
United States,37275.007203846064,5131.903263240071,2695.366080114709,1703.5741906163382,1663.0990361959825,4969.881580022651,3514.8250249205425,3694.4208675900168,3686.250588920682,1407.4376140621744,3180.6092106380756,2354.7542388563575,4926.464506461794
Japan,38044.17343687975,3926.18858564802,2761.991935038782,3508.860908165368,3659.351078872731,2007.7190675787124,1415.7533060157054,4109.791366197226,2812.18761512348,2829.576271686251,4030.6145995922157,1911.5619416120496,2346.762169039162
Canada,33424.6128359522,5714.624285219711,3491.433869846504,4078.7921818970444,3037.6513774154087,3928.685526576497,2124.231172536119,3010.117968262603,3256.369080974757,2881.1684642729697,808.0794866490857,2419.6326342834404,1343.5571764795593
South Africa,34819.81392453293,2291.688003613997,2501.4269622493202,2246.1734770028434,4278.002105668264,4252.684023723531,1617.4094006222624,2495.5356983284614,2291.359655091403,2069.632214875564,4463.835968229707,3315.5342373414314,1092.2485890150326
United Kingdom,49695.17035465214,3045.866270167896,4227.836283380066,5043.000032491413,4266.861035280583,2425.879297107696,2471.140855136256,3273.967791954637,3823.052427091276,1108.5675673136525,4930.268854686041,4701.1339799880725,4363.132048053716
United States,45058.34153184334,2560.4223611673133,4478.928974685139,1745.652150769924,3065.6158418700456,4954.528680738793,2119.4846804551985,5849.955358952994,3736.0761051493087,1667.8108076303374,3114.576325669597,2401.5463387018563,3925.8402731948213
Argentina,42548.86571064162,3004.6396598254514,2489.772128005501,4896.493402278373,3199.213482197322,2027.844192506556,2044.9613794859147,4034.8545743764093,3752.870850958227,4145.2446860677865,1665.139546273068,1429.3764679082437,1819.0599473976938
South Africa,37939.93249908337,807.9944711863561,4167.936471912113,4849.170131409543,2846.3188212065193,2105.545685287962,1770.184349936712,4876.90399504243,2620.399920592951,4367.855092849576,3352.846014016898,2952.3321495418545,3838.386688281537
Germany,30093.514229969416,2120.457438877638,1697.7673225743138,1144.0879845867883,2527.866664804202,1257.7172381540895,2318.535971379734,1144.6365581090067,3989.499486055949,1000.5567863859445,2920.040011670962,6312.829468974119,1064.8845394931343
Israel,34952.764706656664,1077.830417665038,3596.821699410373,2972.9788741142333,885.8489038205325,4705.120754296725,1715.0030827128664,2122.7332224059055,883.7054508885033,5131.832569530112,2211.9573957730518,3256.273640873061,1332.564317218888
Bangladesh,39030.810696308494,4958.048405734224,2180.161253808481,5021.280866638152,2282.843942976194,2456.0116156103904,4504.845331437624,3370.738007022366,3144.599713511535,4403.225119480858,427.27016692575137,3182.561686113701,3224.0887631295636
Japan,38966.75068947939,3134.3430396118843,1875.2523132234826,1295.734103152977,1427.439014626902,4344.397863597883,2380.4024551614893,5080.378485809317,4800.728045483789,1991.1133537586186,4514.42731077168,2572.552731038469,2747.0288470236833
Italy,40892.91570973797,1585.2845348738877,2115.484191276795,4792.633768745015,4678.744459014868,1171.34103916823,5003.383232211215,1814.8914980875531,3710.033610243009,1801.0177304654458,4759.075052532582,4546.527992565461,4715.952585554409
Brazil,46621.313999436345,1175.0245225899273,5113.333846626307,5397.872016829087,2958.281805737542,2346.6725653248154,1932.437978964301,4179.476433322246,5319.1839987767435,4760.680643793328,3759.978250003688,2221.698482451068,3301.4585593245606
Bangladesh,31223.911185307225,3920.3135061496405,1485.4202679990976,490.6914375408689,2167.8711019625075,1517.4467315686159,4243.341675571345,2562.758964933894,2951.5341622400824,1916.2546052352416,2236.345856410665,4082.4257534434155,3859.2971835403223
Argentina,33509.381835904744,1988.3684985724938,3927.046014307296,3931.6859598059273,3618.636009088418,4026.530520854588,1367.3485086725366,3203.691775543991,1221.6816998197946,3226.9066032860073,2989.1196687923566,3509.583692303482,1786.8873759311716
Bangladesh,38336.0256082018,3663.3292290263817,1315.6777988956917,3716.59891036683,3082.5756195757517,1728.5436299036498,2391.96321439882,4034.2805588131732,4145.6826514296645,2973.1918883637945,1795.9194437732215,4167.057068826656,3606.834123346036
Japan,37555.44578411837,4849.784349535345,1512.2368178697786,3865.1105366221263,1974.5555861123628,2630.8834651123816,2328.6296162949543,4957.465530711303,3325.8070354004963,2553.760592958486,3138.961871371328,2238.917866870829,3918.0921332299345
Italy,30864.577339879943,1686.5703687021464,1974.6273358802152,4660.9237444885575,2519.709485444465,3794.739673259683,1701.3934668857444,4119.706122278956,4330.285543030807,2427.72868801872,3654.3856812885556,2683.3847284299454,3258.6605467701083
United Kingdom,32701.746534216938,1607.3375566949765,2287.270130257372,1677.4687108553032,2140.5418389646948,1815.8907517932882,1499.695752544668,4515.353384900423,3613.763267088114,2890.2553643827446,3305.0279287285043,2120.9870507706673,913.7187961127914
Argentina,34368.060877572505,1798.9629787322913,1837.876514693613,1070.7090034196929,1873.6180325852997,2729.212022531285,1434.8522808851583,3494.4911536213226,3023.7760315414007,2138.946262834713,2311.1573419184265,2573.371566497179,1753.0072625657451
France,40236.46699119803,4790.910013098584,1089.8765100358346,4611.200523128492,3223.8473131525116,2484.8965807125205,3084.868673368507,2344.560507275657,3220.6501735045636,1072.0414199408856,3716.505928739269,2562.119871321856,3810.468605744493
United Arab Emirates,44419.63069884271,5200.047166620222,4808.04866385488,3862.5515643148383,3599.1475404252233,1317.2964111886345,1937.3807520856135,2121.4381766577653,4348.362409794621,3978.1262454136877,2140.818322804509,4467.911721894518,3878.504427513528
Argentina,37162.65192993965,549.445928513175,3193.210720312314,2008.1343320982764,3154.8711473101516,1415.0996821986128,1567.3305858243386,3122.2195294399357,523.698551908012,2832.740833827332,2591.8938232081614,3773.9630393314983,1359.7982652324033
Australia,43650.54323293065,4528.600794588517,4071.236679779535,4052.5865062797384,533.8961388212648,3087.794352625525,4229.589901390453,2167.31081428152,4869.614643575773,1455.8550509272993,2786.3805723794444,2404.396957808222,2771.2650409416005
Mexico,26356.49161393029,3160.627763475409,2720.0602187844165,2481.1608286782302,2525.286316997556,4101.597759811582,5377.79406229666,1403.2254916169811,273.07854050758385,2357.036205704744,3280.330724484825,4014.7525211302827,2851.359177405287
Saudi Arabia,38378.116935775746,2393.2945936847163,3782.5333241598505,3429.2156399768583,2075.447828339825,2390.896250845299,1430.284795226363,3650.318287341711,3461.9749573544705,3104.8117649078135,3385.4137392917796,2002.3410410646486,4143.280759327075
Italy,47369.1713748121,4462.1990842826735,4804.532025961831,5250.917210533323,4561.552123256856,1968.7137658645386,2540.1437223646576,1101.2973104976368,4702.068691840179,3457.1768335034963,5136.771020809913,3627.2293672671294,5179.238261476343
Canada,28854.55913441133,2988.817804628766,1769.1213197436127,1441.156883231543,384.86176511683095,4362.073895767793,3823.8323129371206,3954.4490000653327,3816.7737198191235,3912.8545362681493,3350.2923449208442,2395.915971637985,2035.8074982834473
Japan,38358.08481086541,2327.6217246840683,4559.471694403194,3805.841026913259,2441.679667985421,3018.43518713472,3685.4935688462633,5194.111683937356,3444.471055043196,4220.051058944356,2349.481183030765,1455.8311408783163,1641.0063745393636
United Kingdom,37213.23599910533,3553.177748621808,2087.5463054882166,4371.325239874043,2349.6718697469896,1620.3059616812757,1675.9828256519088,4570.423122318315,4024.332280034421,3530.398827129411,993.7971916296341,1601.7786041409192,1632.9693402805933
United Arab Emirates,31243.51361793465,3063.249076102486,2376.9469798249174,1991.9506582297254,2701.5595629977593,4145.236486327697,2250.6386797203536,5612.699545811907,4628.09271149749,4190.803791749578,4194.194340084332,5587.83230895273,3987.575020103073
Bangladesh,35327.41140956147,3515.869971331386,1077.4697358352405,2171.8757030174124,3103.7902463707965,2578.3574528050876,2368.766918636331,1283.9014123770742,3616.133079245556,1627.413329508414,908.3511848470513,1702.6252239782368,624.7326430441619
Russia,38328.07982785392,3932.079909317049,1881.7497007867807,3977.6589496495003,2739.890322401758,2841.0221640154314,4398.325343113405,3396.602015858076,3052.403396574164,2012.9729695257238,1137.9449850834176,5561.624100486106,3060.324078600059
Canada,31725.153111470954,894.6152509761877,1096.7475419034686,1078.4071026871143,2581.137957394318,2802.31087907618,1469.1357713024856,2021.1925367646954,4863.023935233512,3847.036498192847,1968.9364703304516,4976.232012092706,4314.495797778597
United States,31362.23183512352,1461.8246059293904,2879.155929958643,1076.1490631816973,4184.6724092923205,5394.026675278847,2275.6871097098774,3348.23923901089,3530.8531380355507,546.5051648863749,4059.064405928157,2903.294167116917,1738.8627903234399
Saudi Arabia,42113.95128512552,3956.977186406803,2178.3695444443056,2093.294546983087,1596.8999020877743,4720.601007202163,3514.1020549414034,4764.59055165021,1826.047805738481,2077.610762197932,3147.6745589312895,2790.640019551003,3273.5531645242004
Australia,39789.90090982428,4451.136134512998,5644.643539243212,4251.830639300341,3342.1579835047874,3751.3397448850496,5533.907409747392,3289.7526022879,2895.5412469924186,4692.349714512655,2471.443541414392,468.83544347999157,4138.453849161292
India,33023.288913971126,4325.9427301947235,3348.926941165153,4362.742521174716,3373.9692142648805,3141.160018620115,3829.3204818437107,635.7874075877794,3655.631531120081,2683.1230825586426,3109.2160751866118,1823.7730428577747,3147.2231828953663
Canada,37499.328177704694,4287.604825111902,2170.1007908678284,2105.6620501553216,1757.8296725050222,2789.9022522060986,3709.8937157764626,2436.5097098946117,4583.674821995848,3632.7189712601826,2127.9837468495966,4795.781967147197,3728.7623831904793
Bangladesh,41231.89354455329,3483.8487760968765,1958.7281684666707,5111.877144438672,3134.8027389860495,2041.7940936903506,1543.473025707163,1532.4107681699452,4371.855735347107,2196.172307097876,3510.1681082351324,3200.6854519343024,3775.1094640472365
South Africa,28634.387395028793,2121.6110553500694,3617.6524127558296,3931.4985795015264,3783.158639502621,1126.2900491105192,994.7353943026949,2527.355556491311,1591.311853745381,3926.176271800915,3046.3558213352767,977.301941434462,4406.997223046091
Russia,43102.78197376589,4274.3766279929305,1311.8727610617236,1781.7039964940143,3219.5196343005996,4502.270354326796,5023.720211472764,3888.373397558072,1088.2005236245357,2926.8728956120626,2056.1713277863846,3771.780870563094,3657.285874213919
United Kingdom,32391.740451756068,2036.840191517975,1924.2323038150116,3116.890345507792,3455.6037044216605,2787.410682699385,2232.1567342274266,3980.847943226966,4623.499997955174,1446.823618230238,4002.586472138164,4509.80161251655,2681.7030948646525
Australia,38398.377426557374,2267.5837574649886,4609.561296531282,1773.7382147621756,3279.3258275054463,1890.0742220530565,3901.69731424555,2800.8101478488643,4224.658501285186,3906.4914725442827,4998.266428294062,2451.586159360255,4463.242932345407
Bangladesh,27629.39827798206,3114.5564589650257,1003.7000266056141,1933.939796324055,2648.0870890806736,3051.309775967142,4330.533629904158,2969.253791359626,2307.072558341416,3349.401805663159,1180.7996518707155,4304.838504794995,3329.2626069599446
United Arab Emirates,41843.88057419118,1424.201754819951,4377.962499828714,2587.6410683357176,3224.296547141491,2399.0610421308397,1629.3717492010169,5166.918749451312,4238.5259991559615,2039.0691754471109,4030.294806631782,4930.252625706269,3078.3318230629957
United Arab Emirates,36882.99014631833,1065.0784281100364,3373.8225779179234,1126.3148536653785,3016.0946671736187,990.0095353246465,836.0526469633166,5040.356729105892,4588.952828887934,4034.8848843367905,5241.727866720605,2975.6772833337136,4629.73415401772
Canada,44687.02626671338,4123.282739588614,4293.5339322469135,4818.657865096551,2824.5419351522105,4428.400364917797,1978.1909846363476,4616.969255314044,4153.404371615069,3636.888190734498,2028.506271787809,1092.713446644466,3295.5368566322577
India,30492.06704819572,3803.925590135392,4145.328108343365,1160.4381679684334,1927.9544323443029,3236.1338202976453,3029.299190852293,1800.7396420118562,3123.3344310136367,1328.8245618721696,2689.593652734684,3306.1950188441665,2920.5598616055245
United Arab Emirates,35366.07868186353,3872.8793206691425,4117.834265269106,4824.298907028218,1919.377835348596,1576.8804735776132,1995.8541160255152,5234.658021283852,1941.9302889196588,5485.133130205262,3997.732676624066,1346.6333932868097,4337.04327631847
Mexico,30133.42153336118,667.7276615000638,973.823259104687,1493.4400111950895,2448.633280003861,2001.7621995259456,4463.603511224266,2401.7485510026627,3110.762434733381,2700.529178745815,2774.9588704776147,4402.7261101204285,553.4969859560633
South Africa,41769.58730750808,3187.9121651448468,3886.997105632558,4389.466023947563,3642.957720520793,2813.497412931622,2436.3030381267736,5540.408577849803,3832.8085662360636,3876.0045834394027,3964.6225542488005,4380.993299466566,5150.711278098822
Brazil,33541.88532377058,2242.857307607251,1775.041478365774,1073.3444732998996,1589.992121380749,2246.33931909566,2113.6793883058112,3983.8996679840147,3751.4849221797012,2981.399165352287,2062.211489793125,401.09097990037515,1917.6176214889044
Saudi Arabia,36692.92273057083,2434.75204643582,2024.047469731363,2251.0242933360923,1119.139133176944,4474.167547420477,2009.2613166648832,4322.3951683045125,4346.4291005168925,1316.0892757682843,2507.016632864942,2230.331006118457,1693.1899429944792
Saudi Arabia,38221.81886607637,4438.654806429985,4266.285626864841,4399.271458736128,1197.600089619311,4915.698189801418,4338.66302067705,3017.6955935990995,3486.8160638134077,2734.860003171643,3073.4755987288004,2048.264033030805,2159.320261218225
France,31440.88315732718,5980.666714291364,1952.5947117010185,2349.3123905171333,3382.0456442226755,716.1549664067828,4652.820256607335,2630.793875955736,5283.84123925134,750.7093407081522,1529.2735769406174,2132.834416511674,3676.585348804368
Bangladesh,40898.76505024042,1273.0080188502607,4089.3256607812855,3053.3562893613866,2449.5329847666726,2347.548863943156,2299.12671653256,3473.6700906079877,3011.734738650993,2919.808226673878,2511.681862193984,2992.140335210283,3102.3678781520807
Russia,45547.284324653345,3775.498337673321,2442.275751638925,1981.57170293083,2661.4658827348844,4435.1341472548065,5126.086469916212,2009.4001305697464,3869.8653915649857,2213.722173504038,2271.5257863314746,5430.617917539213,4084.2478151063187
India,24667.859135694125,2155.7261948027235,1152.323864055678,461.12669703607355,-89.87922492376788,4065.116563394133,3602.022034201936,2127.325376807519,3991.5894042452132,860.9909806071471,1723.1010047344853,4319.959699876809,704.6192783772169
United States,43384.771208268474,3280.1276008230684,3470.1106007936805,1860.8032694392325,2340.127994561522,3993.1977785890604,1232.1793421902646,4111.310704852048,2090.5340990531618,2290.531044149661,1775.2412379838154,2188.790501617474,2590.99232592761
Mexico,27393.17920710352,2615.802092702205,2781.258338827975,2674.7645626798803,2903.140512018181,4955.1881559327785,2638.3769062467904,3455.8179078705425,1358.4870357934917,2628.0557823691533,3350.9599754141104,3198.4905890195714,3290.710211715325
United States,32095.512002668893,3390.3469729156996,3396.889972232078,1941.8000597977698,3055.74098619276,2803.2667797421536,1246.224919132381,4353.518594457627,3689.489529852726,3215.160791844721,1768.8064133099413,3669.1957468729897,4055.081095709445
United Kingdom,37828.84616938455,1346.7879892573437,4026.0769233079163,4224.983393906445,2764.651500033651,1975.974824635021,1760.8755022776027,1662.8522623130125,3399.472861770148,1878.6713517083497,3847.036086358523,2735.8666867711827,634.1490045487566
Germany,28968.961324804986,2785.9541896329547,999.8351425455188,4574.2081588337105,4738.973857509294,1406.2086595442468,2314.066688119667,696.9021505966559,4408.076725231807,4241.85568903534,3063.5507551675514,4431.747557483807,3543.6538696706775
United States,44649.01525238411,2427.6200598525706,2729.934408554933,1781.543385363156,3634.8679107995913,4228.407825468694,4047.406364330859,5908.868307665506,1635.3023873556574,2622.53849242853,2683.5275324664217,3234.146033265473,4573.681943754871
Brazil,42448.87496443432,2138.1889356878364,4817.475186535928,4630.203297141961,2825.7766540119846,3564.1912949403604,3101.1793015402172,150.41549365835658,3798.6888088301107,5101.583500281111,2174.59951746726,1164.699231579742,4260.353423447753
Japan,28824.186179622684,2157.9239022755983,1573.9932200061617,879.6416667569567,603.3009068325625,4643.527136836035,4541.337027703518,5530.393301102373,4837.365593545519,2387.603578123621,1884.6145450797408,3390.992492500188,61.528994746422995
Brazil,23205.841429826858,395.6651615698879,1883.9927336477904,1367.0003069340366,2685.39297195943,2104.5266310590337,1228.3199150670225,1896.9165770311083,3196.5591885319905,3396.9180060242934,3021.998660776963,2113.3711391623588,3835.529980265327
Russia,31556.522403000443,3143.74591100218,856.7422113697371,2921.7046422790404,2262.4304435694553,1059.5296091601126,4063.535301097449,1181.1102803416338,3116.848297598958,3747.7999213289454,3678.8919024032402,4009.2066376615444,2249.9033017676634
Italy,42677.24318698097,1309.5219728291456,4135.761869294868,3581.2724838794384,4486.653107190129,1607.7774553057156,1695.912663426182,4052.982534790938,4132.9900769199985,1915.017080669774,3294.676305081636,3622.459177165468,5162.328470422061
Canada,41135.67186389737,2305.599462356321,2907.4340176787923,3962.5288370593394,3359.3865651547194,2698.3370379755356,1457.037691578751,4296.867725701737,4455.875138175495,4181.98045822642,3556.3929462179185,5345.984513473739,1994.04670958676
Australia,22511.155388436546,1004.5442363832685,2502.5695968535692,1893.1833670582441,1659.834598794899,1479.5528861185978,4583.982865501598,1212.8025417532763,2214.449022226617,1817.693392898992,3024.016276771088,2812.347261853397,1390.5427275594684
Canada,32114.11779608198,4679.149538520728,1710.8232704847983,1912.9961445131062,2501.8832556232355,3333.174492061457,4067.9442721818536,3912.2135422220963,4290.799385552011,2800.8312635040297,2434.3574126460535,5161.105886006889,2939.0543819173386
Israel,39314.85728100288,1958.2213094765675,3516.0057077134184,3071.158779255302,2482.772842575312,2073.8383839860066,1989.1012300383884,1448.4311775576937,3381.631350791007,1970.147189395998,2377.713592542082,4910.872535528632,3760.20013561556
Bangladesh,39749.56391414961,1739.6043194722854,4504.124507461277,3848.667180204175,2822.5567830287164,2246.94933985053,2435.5804159701606,3368.7576454681266,4396.245411498127,3404.355655040259,3433.986049412299,3436.294281560955,3486.9824028101434
Japan,36137.59784385631,4382.702824328876,2183.8464480633634,4164.406960144702,1285.0248129337576,4164.065357661995,1390.8304824422075,5115.297283011728,2832.511474482685,3717.2202246819543,2969.107269293899,1554.5419750975,757.202695531239
Italy,39550.46620059596,1801.6379699869137,2968.770675876122,2629.4442415308763,4237.124230023348,3106.7160724187333,4887.624729996328,4432.709383566873,4167.059407111794,2995.4521732379076,2321.3827841484676,4313.701719813801,3780.0050073530965
South Africa,33741.78422827034,3827.965207997887,3113.5907642875272,4060.4312865341017,2672.989509650896,2771.3868468984547,1814.2203267362604,2727.720305974893,3188.184237868645,4581.747906753406,4097.030705098857,3193.9622719216227,5095.489385154435
Germany,35664.44190731267,1114.578986967721,4484.490156329825,3456.360987329294,4027.7573549417693,2327.621676148777,963.547194177264,2842.463468126908,4236.5895592648185,4710.535351987037,3347.9272708276235,2950.647483274202,3853.6468525261894
Japan,28414.841090104557,1305.096780729163,1809.5560597215774,1487.6634297261285,1284.6520909531628,4152.318521425753,3812.616190829739,2982.3967752282847,3978.085862536185,3441.2208170174104,5564.8594095918625,2590.4451753018093,757.2064301591364
United States,39514.64832157115,3943.992757393469,3691.7809691265597,2967.5576732072936,2243.73014416236,4049.3706890967296,5043.49445139194,4072.624021314158,2245.384458574973,2847.090130058205,2833.0908805544964,-156.89745355409457,2336.5635009533767
Australia,36420.16717763619,5397.896719023234,1494.3555244957242,3630.192304824495,3666.3402625100584,2498.654856327223,5078.049001496202,3267.5353072934868,3925.2870316392145,2448.0223089772535,4046.912302039455,3898.734001649366,2520.4540387795596
Saudi Arabia,38891.75057605183,2602.3239130571474,2373.0751439304745,2331.377177999825,2364.659706440128,4081.6836352172395,2078.3846479697495,3811.2689541146215,4684.969986274468,935.2026358613258,3413.655472230973,3913.451648919134,3494.700260197926
Argentina,37449.25785827263,1389.7016369447274,1360.6049855064298,1784.1898796006371,3472.98204947375,3671.8977921074875,1540.0813162288441,4085.0055372377788,3664.884235294324,3803.385260895827,3632.3425649605497,5838.148342437989,2633.986080478651
Mexico,42846.71770293729,1922.6050394871636,4393.360689013376,5095.990599576563,4291.748856870512,2652.162966234919,1898.5595617665335,5007.421976932009,5131.494643702891,1674.475179440022,3911.99880934761,4063.8250298326443,4436.70151344672
Argentina,39660.2628656317,1476.9701056535716,2064.6767351320445,4787.084307935696,1609.4805900439442,1795.7045280567133,2376.252212945342,2598.6582425389056,2324.9981623588587,3875.691258590036,3940.2848597026027,3459.6130142293355,1454.6792520235776
Australia,36551.621127280196,4401.555271161531,3539.8161588630524,4522.15618242491,1151.037838356615,3904.098858414481,2475.637056725516,5102.069477640403,1647.9171447272781,1659.8483072335428,4643.723658451011,4247.896993816554,4847.094269748263
Germany,35644.93756620331,300.2865830410885,1533.5118825878208,3663.8288117065927,3062.3831673526784,2827.2964312322924,1638.1211588846425,1184.582684282488,3101.454227804781,1703.6406856716667,2552.0146618317053,3291.759019569937,3657.400692428591
Mexico,30319.59379738128,1532.1694183348907,1372.2833283688176,3774.7686804553614,3738.5186892059087,2407.5778378497403,2713.9807978681656,2439.4871402542244,2662.2047023019127,3820.7000204467254,3030.128558960897,2205.3144268773003,3983.176354206481
Russia,42161.443156952926,1839.996797742761,4103.135441622094,1992.1629173798271,3350.601794781314,3935.109591532091,2645.351536874226,3883.784911606047,1799.907378177216,3195.394502965359,2983.9513018788753,2882.186970809366,4451.566501112215
South Africa,31887.380170515913,684.0809880892061,1427.296148933947,4502.225010575014,2998.24912664344,1090.4550356909106,809.3707357954768,2514.3790093158595,1845.3909749713614,3812.3664670711264,3561.437329284694,2258.047603274654,3668.3945920889546
Russia,27322.890719522344,3623.960008760007,1616.7945894072584,1191.83956887347,2084.4840033432783,4110.572382049635,4738.448209849477,2262.586016885198,822.1866616058095,3640.431097061505,3540.4556149226887,1837.0716106092957,938.2585332873796
Mexico,31475.08719208012,1455.0553071312377,1610.8841532780623,2510.3581842323247,2892.437909969512,1841.8563250069833,1193.0254088186168,4832.403582809339,3914.5766692840475,2507.5055689063392,3406.8305123717846,3690.813319886432,1754.186309729832
Mexico,23558.5511954509,1736.3375098354588,1001.2569437965242,993.4552642638185,1594.972204242435,3927.6913844892533,2581.2913306852665,570.1019010160991,870.861388152273,1368.3907057208592,3630.3697684316767,3025.6570408735142,661.5714435414332
Russia,39539.45820144118,2773.3075252646336,2187.851040485235,2841.9411113065144,3091.043491939412,1928.0772453487152,4012.0063628433622,3233.0615072975643,4191.575028750903,5023.205571568765,3182.415625146177,4350.1338117384885,4674.863770280603
Japan,25930.384998492438,1710.042624950551,1943.2145204895014,3056.770427425077,3437.013928606398,1317.7050960744243,1182.3181530239153,4237.083747621229,2068.212730396368,3234.2863573905915,4311.182142195733,2501.805102525982,1641.4380921378056
United States,32252.118674897043,2166.3323259709327,2391.9831594286243,4743.193784785265,2294.4411621045315,4277.669575994002,1675.3736980472413,2491.925422020677,4260.908019143785,1378.0326383258248,1856.0845719265035,1673.3044468438682,3584.360052425549
Mexico,38931.39336299036,4225.758000046316,3182.836181369247,4141.940531714501,2991.0767301954406,2097.608125622485,4270.451881534285,3761.9051878908904,3674.123815771271,2267.4413449317694,3520.726008053404,5106.921867716647,4690.892316237119
United Kingdom,38267.58726625739,1383.7708873682516,4120.702195148195,1673.0436024119524,1155.4839674669151,2959.8460047822314,1777.3879825055615,1781.0744467420743,4917.3916190739565,1245.0677333905496,3466.6155120916555,3891.484329667017,2706.178667299077
Mexico,28692.65272808912,977.6595796559667,779.4927564196441,1857.078300619507,1101.73329777063,2506.8765699602664,2623.0657381854335,4516.069506206454,4063.9090801744737,2574.293968154722,2685.6361570898457,4595.401572291047,1366.8560476253956
India,26055.036319727275,1807.6182253613892,1142.7400047727544,751.2802464324944,1938.625187183017,2907.622567569913,1125.2673602028203,980.7819668716023,1320.2584303330664,1288.64775884088,1550.5692469382595,3626.415645478714,2355.931176273016
Italy,33848.868644462156,713.4061026089249,3381.1903643484993,3760.4088656812305,2908.8002081564005,1100.605926064674,2082.0532098836,779.000455086203,2500.12123733909,3212.322934340686,4577.960322056911,812.9637031372283,605.8354258839776
United States,33053.60749593328,2466.7469130682475,3062.644403456214,3068.3329688232952,3209.2497101891317,3633.5913015248952,1524.2434754587653,3606.6882261744495,2659.5529202107055,3995.3161142570893,2355.7398451376434,4054.1603370247176,4309.895631171881
Australia,40303.20743141987,3986.955623584493,2858.5720113132006,2896.1436422423976,657.195043571756,3534.7147497301876,4481.271028306777,3729.4759701027856,4550.945689288544,3204.673525559096,4261.120124476548,1676.8867529433753,3359.1374523714685
United States,34150.56553035912,4499.116763999253,1397.632403100989,3396.742217209517,2025.0527808187592,3370.98304291297,4043.228932357859,3311.0493346438575,3440.5072008790257,2394.228111350091,3725.372494253849,3393.9066723675974,4292.529877343526
Bangladesh,38938.32428187935,4245.672291208421,2091.1197246577417,2919.7286984849534,1773.6696258528912,2679.706180233421,3260.2929070050636,4407.945071487715,2923.8849162805423,2156.805953445371,2544.7588078018393,1779.459632634185,3923.142603968579
Russia,38254.63654070721,4802.142891735655,3383.374362047756,2352.5877605205933,2325.614549185616,5066.567786900001,5532.593212982329,474.3443808074261,1767.3947300782345,2632.1509990335,3187.5157509234687,2295.624293062814,1947.2821659149001
United States,26848.46458966564,1460.3737319966149,1786.9906069303263,1472.57338531687,2501.799020736708,3662.2601290164703,1952.5869928360219,5450.924050321059,3411.1675895357666,2170.1713202900396,1499.5491791474444,2522.674423135472,568.4447622951179
Germany,30150.511647497253,1560.7214729068476,1073.1178203658937,1895.018618951243,4052.0652368707924,2987.7522379848247,2733.1781806197755,821.4722144784345,3876.9459133839086,2772.4901232776897,3755.768947220228,4455.30241927976,447.78022769014643
United States,42115.16688518171,2002.9916241265669,1774.7018124112042,2206.499603272813,1411.7896385813274,5222.862034136093,5293.585808213054,4082.812557311395,3148.385246140844,1633.1638627525888,2398.8547163511785,4045.070103854285,1656.3793283893042
United States,37046.163733405105,2422.100378262295,1007.2130202294836,1832.439104779066,2740.391051614602,5500.7139394326505,3840.8138060980036,5818.128883335528,4369.7821497093455,2391.0906984885246,2041.6903193509952,3616.0175371130395,1945.2066823416133
Germany,27938.635646239123,3573.358305653613,2571.0721515186374,2606.51000963086,2251.432671572201,3008.804050218146,2911.1697200898807,3673.4016099933397,4301.29378011473,1502.9732044637713,3343.123093490099,3056.259305584057,2608.297951134557
Russia,23735.77721911556,3171.7737250799955,2097.5482655523756,1156.4219809826227,840.9466427000707,4776.366378292486,3169.622144311241,1025.2112781949807,2066.552186523946,2898.1258438242057,1098.0634218871335,4477.185038866168,2917.125861570193
Brazil,38045.26912281047,1274.028259876253,3259.019698176223,3503.417468334957,3220.5088935302424,4743.685628892644,1364.4013532526042,2834.8356810674823,4294.074877950615,3705.317445779365,2568.080915022793,3121.8105807959046,3531.9732055079116
Australia,35782.293759640415,2306.4307054308765,4790.358368667003,4916.646731707525,1289.5747195366937,1179.790400486622,2440.286098575083,4173.189798342962,4203.000959146166,2412.3637254613895,2830.620958198939,2982.8835836494436,2933.291800444876
Bangladesh,31120.066728283524,4374.407762498931,1871.5294715951513,2330.7433910458362,3378.4553702304115,1383.648863429788,2745.22324561884,1221.6863300404664,2992.5631445035074,1354.9659194600952,413.19200917963514,2094.5042166022167,3124.926673976243
India,29385.109777500205,1409.1177740824533,3074.197540737338,1024.2122379959303,2086.0106455913988,3926.301378497618,2724.871854747536,2041.6262025586402,767.8754117093746,3262.676803169784,1445.5170538942516,1303.7782433792106,1951.1703444452983
India,47267.91330088665,3126.496811638208,3515.3549969095234,4057.5498980980383,2978.377339002163,2746.292814073238,1097.729143545593,4620.753980224242,2568.045131559018,3232.172876585663,2334.1580965638027,2832.7440721254025,3959.6006606015735
Japan,30256.65974892143,1889.9672216753827,5129.768914991641,4469.970231945894,1410.1790073982138,2309.6635327615923,2183.620483530662,4502.1149783104165,2409.382536535094,5457.257284339432,4271.276501990902,1377.2733533098872,3522.072471652601
United States,40732.64283946805,4912.470950398086,3035.775670305806,4005.684298153344,3326.0671877018026,2257.949426104771,2246.7777955327965,4027.479780716821,1213.8138926420438,5272.14493755758,4311.265869748438,842.7184940348296,4353.961466919685
Israel,36422.19925181134,4163.510760297079,4792.920285305641,4000.6288619017887,1364.778884157066,3560.5695147103884,4572.633405083893,3415.813220926011,1733.5636858482342,2160.4387703379953,1503.0567091244832,2008.8366267374986,2592.0740051914795
United Arab Emirates,25891.430542146645,3118.492528708679,1993.6727267196477,1279.3498182000847,2862.322114481179,2241.981066379806,3298.999614339426,5623.508656188756,5363.682496390682,3053.9484611271455,3688.4222268356534,5820.482700255701,1573.8850822682416
Australia,30630.90056602412,2172.510512443115,1617.8812920924443,2985.555834740359,1618.662705660011,2102.368242219189,5114.709106182347,5454.57086954756,4253.251139974639,521.48422514404,3910.2712535223386,4686.085240572673,2471.5279714532403
South Africa,27749.74856168737,3615.983721875246,3737.172962152858,2184.2443957793416,1644.6255181568692,2374.654198788395,1324.1799521478506,2648.1892556613607,2439.242847059193,1814.8931844771657,3293.3329883335196,3732.835229630269,4202.875323780701
Mexico,34689.94801043741,3286.1020253813444,1247.2382323377753,3561.2617190768765,3194.780901502908,2310.590629405335,1911.470403173029,3223.8146841433027,3076.5989753532644,3179.013339443818,2704.8626764207984,5136.066331261174,1967.5556293358486
Russia,40951.279207793166,4199.323889182364,3469.147215295853,1515.6105595552908,3651.6891967105475,2288.278583687885,2783.949624015769,1854.0104607632325,3518.910697891912,3378.7301099941915,1946.2515739275814,2943.870956336654,3765.4535548809713
South Africa,38410.750624518005,1195.3108075239932,2798.2119556309267,4324.19756342588,2805.75514513167,2028.959038791621,4205.100562700863,4919.313451651814,1394.1029863986817,2296.6337735642896,5072.233534029511,2530.9875584800843,3563.872209106023
South Africa,43677.08128696179,2724.764704310305,3603.599967791004,4360.4053879204375,3342.5571839247277,2796.1369971370227,2144.110956415131,2146.9414447356153,2519.6777860481425,4750.662992408939,3806.42525409366,2495.8196954943287,2310.4340135195725
Brazil,34257.112463813326,1187.2065917386894,1263.0330686464192,4196.191207939898,1511.150684943712,2306.268439892781,1570.331802066398,2374.5828632926286,4365.700410327447,1579.5815456986927,3553.9421001298333,983.9132689124093,3103.076711496998
United States,41154.65062550951,5363.049480068909,3470.7120690885117,2722.388800935971,1381.66448288036,3418.547883198445,3477.401330935114,5663.469680486851,2733.2629020758254,2308.545502479683,345.00827452340405,1691.9595482162126,3506.411361666291
Israel,31918.177527258413,3121.2924498231023,1940.9953467773546,4017.7547151749436,2669.489022022622,1204.9701860258479,1249.882897774001,4342.9665636338095,3479.1184866698686,3330.651772015347,1537.1347769059528,2508.76379946627,4285.625096098921
Russia,31574.815185277206,2929.58392471361,2512.8784805262662,815.1650461581784,2719.3152468920807,1940.2767715460395,4296.062520151124,494.05885661041356,3978.5668778535537,3394.1097542303432,1629.3524308411484,3037.9229083109994,1512.350956048095
Germany,27257.4763884527,1979.4795953772698,1523.082519046221,3480.1780249633107,3860.0830594180475,996.6866041691958,1921.209757296109,1461.7414465648937,3990.213532043969,3295.733419996911,4560.949128555426,3457.5933665456864,33.017552622856336
France,32088.45499760387,1789.1941074656786,1732.6890474577601,3271.5479272653406,1153.1070918500898,2046.7198463601044,3578.0250924369207,2394.8478858462977,2939.257930750989,1854.0012543015575,5113.713413812139,2779.518245812313,5138.729457022377
Saudi Arabia,33874.021146615916,4435.156646543981,2374.092261104698,2512.1839400603644,1257.5091608369003,4672.111519825992,5517.181595885689,3348.2296881831735,2162.352648964291,2801.5490747380354,1993.930383177608,2438.871594363325,3592.823131984933
United Arab Emirates,40440.43621609867,1548.7061148909931,2278.097503880688,4989.056743747289,2604.068512494229,4240.838379339579,1354.849362656107,3148.3622041873496,4787.505993022494,3366.210115283352,2440.8483088955395,2540.666547957775,3999.9067265174463
India,27897.10127275282,2036.5559821391478,1000.3007475281328,2466.046011208175,2548.0293428373857,4842.794867713585,2676.1273225865853,5171.234703226465,2458.309957909132,4008.9918543792455,2272.2731344055724,3344.7995563613486,480.34812208805334
Bangladesh,32643.029465835927,5303.689632582453,3447.414680473626,2651.4464299051247,2657.803945493033,2613.5435691632,2156.2544152861187,4676.075227063316,1197.9963208189033,3800.4188470286854,4742.027799628002,3420.477735354494,4009.7503102975006
United Kingdom,38918.846171984944,1193.4271722830326,2106.1857769989006,1277.3330010494183,79.79371492184156,2806.301587289673,2091.37629748596,4543.851167692677,4975.619701708104,1520.4322594872021,3164.0713818479717,2377.813470763217,1206.821155502117
Germany,39282.82492633096,3074.424832736447,5225.477021333828,3274.0996506874167,4033.066759879221,2573.842711847815,2132.202140939697,4142.153180897908,5821.721591424091,4270.499521616436,4046.1735010968014,4924.683622685922,4281.439159780461
